DATE_TIME,USERS,CPU,MEM,DISK,PROCESS
06/24/2020 00:00,20,6.17,0.0691306,205276361,1674
06/24/2020 00:15,19,6.17,0.0690938,205276938,1661
06/24/2020 00:30,19,6.17,0.0690745,205276950,1661
06/24/2020 00:45,19,6.17,0.0691080,205277685,1661
06/24/2020 01:00,18,6.17,0.0690668,205279467,1658
06/24/2020 01:15,18,6.17,0.0690517,205278912,1658
06/24/2020 01:30,17,6.17,0.0688948,205304618,1650
06/24/2020 01:45,17,6.17,0.0688546,205224632,1644
06/24/2020 02:00,17,6.17,0.0688362,205186830,1644
06/24/2020 02:15,16,6.17,0.0688189,205182514,1641
06/24/2020 02:30,16,6.17,0.0688210,205191086,1642
06/24/2020 02:45,16,6.17,0.0688192,205159275,1641
06/24/2020 03:00,16,6.17,0.0687737,205129843,1641
06/24/2020 03:15,17,6.17,0.0688637,205128195,1647
06/24/2020 03:30,17,6.17,0.0688010,205129114,1644
06/24/2020 03:45,19,6.17,0.0690784,205129476,1658
06/24/2020 04:00,20,6.17,0.0691088,205131073,1662
06/24/2020 04:15,20,6.17,0.0690638,205130613,1658
06/24/2020 04:30,20,6.17,0.0689992,205131867,1658
06/24/2020 04:45,20,6.17,0.0690176,205130704,1661
06/24/2020 05:00,18,6.17,0.0689493,205132334,1656
06/24/2020 05:15,17,6.17,0.0689507,205131499,1654
06/24/2020 05:30,17,6.17,0.0688603,205132410,1653
06/24/2020 05:45,17,6.17,0.0688834,205130890,1653
06/24/2020 06:00,16,6.17,0.0688440,205132431,1646
06/24/2020 06:15,16,6.17,0.0688876,205131541,1648
06/24/2020 06:30,16,6.17,0.0688839,205132411,1648
06/24/2020 06:45,17,6.17,0.0689361,205130901,1652
06/24/2020 07:00,17,6.17,0.0689122,205132665,1652
06/24/2020 07:15,17,6.17,0.0689138,205132284,1651
06/24/2020 07:30,17,6.17,0.0688953,205133055,1652
06/24/2020 07:45,16,6.17,0.0688768,205131944,1646
06/24/2020 08:00,16,6.17,0.0688313,205131875,1647
06/24/2020 08:15,18,6.17,0.0712181,205133115,1678
06/24/2020 08:30,17,6.17,0.0709863,205132991,1677
06/24/2020 08:45,18,6.17,0.0709429,205131632,1668
06/24/2020 09:00,18,6.17,0.0708883,205131659,1667
06/24/2020 09:15,18,6.17,0.0709252,205131961,1669
06/24/2020 09:30,19,6.17,0.0709506,205134119,1674
06/24/2020 09:45,19,6.17,0.0709438,205132872,1671
06/24/2020 10:00,22,6.17,0.0711093,205133077,1687
06/24/2020 10:15,37,6.17,0.0718478,205134160,1742
06/24/2020 10:30,45,6.17,0.0728189,205139474,1795
06/24/2020 10:45,47,6.17,0.0728533,205138347,1798
06/24/2020 11:00,41,6.17,0.0725428,205149820,1779
06/24/2020 11:15,40,6.17,0.0725426,205150029,1765
06/24/2020 11:30,38,6.17,0.0694743,205168921,1701
06/24/2020 11:45,36,6.17,0.0683763,205203521,1694
06/24/2020 12:00,34,6.17,0.0680835,205206866,1685
06/24/2020 12:15,31,6.17,0.0678995,205210217,1675
06/24/2020 12:30,33,6.17,0.0679805,205255181,1683
06/24/2020 12:45,32,6.17,0.0681888,205279651,1682
06/24/2020 13:00,34,6.17,0.0686115,205286540,1695
06/24/2020 13:15,35,6.17,0.0686273,205328203,1698
06/24/2020 13:30,35,6.17,0.0687183,205388873,1711
06/24/2020 13:45,35,6.17,0.0686389,205437103,1700
06/24/2020 14:00,32,6.17,0.0683811,205489230,1688
06/24/2020 14:15,39,6.17,0.0686963,205511134,1710
06/24/2020 14:30,32,6.17,0.0689626,205527858,1698
06/24/2020 14:45,34,6.16,0.0691711,205550199,1703
06/24/2020 15:00,33,6.16,0.0703578,205569130,1709
06/24/2020 15:15,30,6.16,0.0702223,205588119,1693
06/24/2020 15:30,30,6.16,0.0702352,205603987,1690
06/24/2020 15:45,30,6.16,0.0702567,205609911,1689
06/24/2020 16:00,28,6.16,0.0702324,205612801,1683
06/24/2020 16:15,28,6.16,0.0692574,205613868,1685
06/24/2020 16:30,28,6.16,0.0704517,205613922,1691
06/24/2020 16:45,25,6.16,0.0702760,205614432,1676
06/24/2020 17:00,26,6.16,0.0703118,205615055,1678
06/24/2020 17:15,28,6.16,0.0704451,205611967,1685
06/24/2020 17:30,27,6.16,0.0704560,205612244,1684
06/24/2020 17:45,28,6.16,0.0704198,205612608,1683
06/24/2020 18:00,26,6.16,0.0702906,205612533,1672
06/24/2020 18:15,28,6.16,0.0727692,205612312,1709
06/24/2020 18:30,28,6.16,0.0726385,205611099,1695
06/24/2020 18:45,26,6.16,0.0708625,205611628,1680
06/24/2020 19:00,28,6.16,0.0709211,205612358,1683
06/24/2020 19:15,27,6.15,0.0708901,205688429,1688
06/24/2020 19:30,28,6.15,0.0708782,205703128,1691
06/24/2020 19:45,28,6.15,0.0701983,205702229,1684
06/24/2020 20:00,30,6.15,0.0703198,205703115,1691
06/24/2020 20:15,29,6.15,0.0703501,205704572,1693
06/24/2020 20:30,27,6.15,0.0702862,205706445,1686
06/24/2020 20:45,27,6.15,0.0702034,205705358,1677
06/24/2020 21:00,30,6.15,0.0705466,205706610,1694
06/24/2020 21:15,27,6.15,0.0704327,205708077,1677
06/24/2020 21:30,26,6.15,0.0708069,205708966,1682
06/24/2020 21:45,26,6.15,0.0705714,205707602,1677
06/24/2020 22:00,25,6.15,0.0705419,205708073,1673
06/24/2020 22:15,23,6.15,0.0704671,205709040,1669
06/24/2020 22:30,21,6.15,0.0704018,205510195,1660
06/24/2020 22:45,20,6.15,0.0703077,205510971,1661
06/24/2020 23:00,21,6.15,0.0704176,205460717,1662
06/24/2020 23:15,21,6.15,0.0704537,205425402,1656
06/24/2020 23:30,20,6.14,0.0703275,205428631,1651
06/24/2020 23:45,20,6.14,0.0703265,205434903,1654
06/25/2020 00:00,19,6.14,0.0702961,205458470,1652
06/25/2020 00:15,19,6.14,0.0702402,205481691,1647
06/25/2020 00:30,19,6.14,0.0702644,205501949,1647
06/25/2020 00:45,18,6.14,0.0701992,205505354,1639
06/25/2020 01:00,18,6.14,0.0701783,205493593,1637
06/25/2020 01:15,18,6.14,0.0701567,205496787,1638
06/25/2020 01:30,18,6.14,0.0701467,205509025,1637
06/25/2020 01:45,18,6.14,0.0701478,205487485,1638
06/25/2020 02:00,18,6.14,0.0701584,205478790,1637
06/25/2020 02:15,18,6.14,0.0701546,205480943,1639
06/25/2020 02:30,18,6.14,0.0701855,205519105,1638
06/25/2020 02:45,18,6.14,0.0701613,205519767,1638
06/25/2020 03:00,18,6.14,0.0701697,205521716,1638
06/25/2020 03:15,18,6.14,0.0701749,205520839,1637
06/25/2020 03:30,18,6.14,0.0701998,205520403,1637
06/25/2020 03:45,18,6.13,0.0689283,205521038,1635
06/25/2020 04:00,18,6.13,0.0689382,205521130,1637
06/25/2020 04:15,18,6.13,0.0689282,205521622,1633
06/25/2020 04:30,18,6.13,0.0689313,205522634,1634
06/25/2020 04:45,18,6.13,0.068855,205521508,1634
06/25/2020 05:00,18,6.13,0.0688515,205521590,1634
06/25/2020 05:15,18,6.13,0.0689021,205522122,1633
06/25/2020 05:30,19,6.13,0.0689694,205521776,1638
06/25/2020 05:45,19,6.13,0.0689611,205522167,1637
06/25/2020 06:00,19,6.13,0.0689459,205522552,1636
06/25/2020 06:15,19,6.13,0.0689551,205523404,1636
06/25/2020 06:30,19,6.13,0.068968,205522622,1636
06/25/2020 06:45,19,6.13,0.0689364,205523519,1637
06/25/2020 07:00,19,6.13,0.0689835,205523956,1640
06/25/2020 07:15,19,6.13,0.0689602,205524633,1636
06/25/2020 07:30,19,6.13,0.0689629,205524553,1638
06/25/2020 07:45,21,6.13,0.069045,205528040,1645
06/25/2020 08:00,22,6.13,0.0691242,205528867,1646
06/25/2020 08:15,21,6.12,0.069031,205531180,1642
06/25/2020 08:30,21,6.12,0.0690055,205530755,1642
06/25/2020 08:45,21,6.12,0.0690257,205531059,1642
06/25/2020 09:00,23,6.12,0.0691119,205532440,1659
06/25/2020 09:15,23,6.12,0.0690977,205534257,1648
06/25/2020 09:30,25,6.12,0.069334,205534999,1665
06/25/2020 09:45,26,6.12,0.0692861,205535370,1717
06/25/2020 10:00,28,6.12,0.0693601,205535686,1706
06/25/2020 10:15,41,6.12,0.070944,205536539,1742
06/25/2020 10:30,50,6.12,0.0717282,205537704,1784
06/25/2020 10:45,48,6.12,0.0717196,205538125,1780
06/25/2020 11:00,46,6.12,0.0714804,205541303,1789
06/25/2020 11:15,44,6.12,0.071257,205542719,1759
06/25/2020 11:30,43,6.12,0.0714289,205546279,1757
06/25/2020 11:45,42,6.12,0.0711562,205550336,1752
06/25/2020 12:00,43,6.12,0.0721127,205548182,1758
06/25/2020 12:15,40,6.12,0.0716348,205551326,1743
06/25/2020 12:30,36,6.11,0.071512,205556408,1729
06/25/2020 12:45,38,6.11,0.0715208,205558602,1731
06/25/2020 13:00,40,6.11,0.0717127,205561952,1744
06/25/2020 13:15,39,6.11,0.0722311,205565817,1746
06/25/2020 13:30,34,6.11,0.0720481,205571138,1734
06/25/2020 13:45,33,6.11,0.0719379,205571724,1721
06/25/2020 14:00,33,6.11,0.0725151,205574193,1723
06/25/2020 14:15,33,6.11,0.0721224,205576020,1714
06/25/2020 14:30,34,6.11,0.0722715,205574610,1723
06/25/2020 14:45,35,6.11,0.0748306,205575469,1735
06/25/2020 15:00,33,6.11,0.0756684,205576297,1731
06/25/2020 15:15,38,6.11,0.076128,205577322,1749
06/25/2020 15:30,39,6.11,0.0763104,205577619,1760
06/25/2020 15:45,41,6.11,0.0765507,205578238,1768
06/25/2020 16:00,42,6.11,0.0765969,205588456,1772
06/25/2020 16:15,42,6.11,0.0764821,205591771,1764
06/25/2020 16:30,42,6.11,0.0765924,205593076,1772
06/25/2020 16:45,43,6.11,0.0765905,205595942,1764
06/25/2020 17:00,42,6.10,0.0758849,205600309,1750
06/25/2020 17:15,42,6.10,0.0759015,205599063,1751
06/25/2020 17:30,40,6.10,0.0758316,205601256,1745
06/25/2020 17:45,40,6.10,0.075792,205602308,1747
06/25/2020 18:00,39,6.10,0.0758121,205603692,1738
06/25/2020 18:15,38,6.10,0.0757184,205632184,1734
06/25/2020 18:30,38,6.10,0.0758583,205637379,1740
06/25/2020 18:45,37,6.10,0.0757955,205639547,1734
06/25/2020 19:00,38,6.10,0.0757641,205640594,1733
06/25/2020 19:15,36,6.10,0.0757001,205641696,1723
06/25/2020 19:30,35,6.10,0.0771959,205643968,1720
06/25/2020 19:45,35,6.10,0.0764508,205644921,1713
06/25/2020 20:00,35,6.10,0.0765139,205646897,1716
06/25/2020 20:15,34,6.10,0.076365,205648338,1713
06/25/2020 20:30,34,6.10,0.076395,205651547,1711
06/25/2020 20:45,32,6.10,0.0756812,205650704,1710
06/25/2020 21:00,32,6.10,0.0756604,205652813,1707
06/25/2020 21:15,31,6.10,0.075567,205656141,1700
06/25/2020 21:30,30,6.09,0.0756038,205644508,1699
06/25/2020 21:45,27,6.09,0.075313,205645043,1690
06/25/2020 22:00,26,6.09,0.0752543,205654926,1685
06/25/2020 22:15,24,6.09,0.0753312,205519387,1678
06/25/2020 22:30,23,6.09,0.0737095,205551178,1668
06/25/2020 22:45,22,6.09,0.0736793,205574053,1669
06/25/2020 23:00,21,6.09,0.0719359,205582438,1658
06/25/2020 23:15,23,6.09,0.0738526,205607057,1676
06/25/2020 23:30,22,6.09,0.0739117,205632206,1671
06/25/2020 23:45,22,6.09,0.073917,205655497,1670
06/26/2020 00:00,21,6.09,0.0738925,205658473,1665
06/26/2020 00:15,20,6.09,0.0739575,205659414,1665
06/26/2020 00:30,20,6.09,0.0739773,205663092,1663
06/26/2020 00:45,20,6.09,0.0739153,205638819,1664
06/26/2020 01:00,20,6.09,0.0726012,205616043,1653
06/26/2020 01:15,21,6.09,0.072666,205577132,1657
06/26/2020 01:30,21,6.09,0.0726251,205599694,1655
06/26/2020 01:45,20,6.08,0.0725708,205626156,1649
06/26/2020 02:00,20,6.08,0.0725852,205641254,1649
06/26/2020 02:15,20,6.08,0.0725881,205650338,1647
06/26/2020 02:30,19,6.08,0.0705115,205691260,1643
06/26/2020 02:45,18,6.08,0.0704095,205690603,1633
06/26/2020 03:00,18,6.08,0.0703965,205692989,1632
06/26/2020 03:15,18,6.08,0.0703899,205691578,1633
06/26/2020 03:30,18,6.08,0.0703801,205692391,1632
06/26/2020 03:45,18,6.08,0.0703722,205692946,1632
06/26/2020 04:00,18,6.08,0.0703779,205693283,1633
06/26/2020 04:15,18,6.08,0.0703949,205693190,1635
06/26/2020 04:30,17,6.08,0.070344,205693645,1629
06/26/2020 04:45,16,6.08,0.0702983,205694491,1625
06/26/2020 05:00,16,6.08,0.0703166,205694637,1625
06/26/2020 05:15,16,6.08,0.0703062,205694754,1626
06/26/2020 05:30,16,6.08,0.0709924,205695196,1633
06/26/2020 05:45,16,6.08,0.0697674,205695802,1628
06/26/2020 06:00,16,6.08,0.0697604,205696046,1628
06/26/2020 06:15,15,6.07,0.0695943,205696091,1625
06/26/2020 06:30,17,6.07,0.0696932,205696308,1632
06/26/2020 06:45,16,6.07,0.0698067,205696735,1628
06/26/2020 07:00,16,6.07,0.0699321,205696902,1627
06/26/2020 07:15,17,6.07,0.0700087,205697295,1632
06/26/2020 07:30,18,6.07,0.0700569,205697561,1636
06/26/2020 07:45,18,6.07,0.0722381,205697967,1656
06/26/2020 08:00,18,6.07,0.0722185,205698324,1648
06/26/2020 08:15,19,6.07,0.07229,205697283,1655
06/26/2020 08:30,19,6.07,0.0724232,205699287,1658
06/26/2020 08:45,19,6.07,0.0724509,205698229,1653
06/26/2020 09:00,19,6.07,0.0723832,205699061,1653
06/26/2020 09:15,20,6.07,0.0723739,205692008,1657
06/26/2020 09:30,21,6.07,0.0724212,205695978,1672
06/26/2020 09:45,21,6.07,0.0725206,205699105,1676
06/26/2020 10:00,23,6.07,0.0726997,205725864,1686
06/26/2020 10:15,25,6.07,0.0727906,205852127,1696
06/26/2020 10:30,28,6.07,0.0731553,205928577,1715
06/26/2020 10:45,32,6.06,0.0733055,205928601,1729
06/26/2020 11:00,35,6.06,0.073625,205931810,1751
06/26/2020 11:15,33,6.06,0.0735252,205933182,1743
06/26/2020 11:30,33,6.06,0.0734847,205934893,1739
06/26/2020 11:45,34,6.06,0.0735139,205936778,1744
06/26/2020 12:00,32,6.06,0.075159,205943226,1755
06/26/2020 12:15,32,6.06,0.0743885,205950387,1739
06/26/2020 12:30,32,6.06,0.074285,205950554,1724
06/26/2020 12:45,30,6.06,0.0762771,205955076,1733
06/26/2020 13:00,31,6.06,0.0762247,205956143,1747
06/26/2020 13:15,33,6.06,0.0745909,205957989,1739
06/26/2020 13:30,34,6.06,0.0758655,205959029,1756
06/26/2020 13:45,34,6.06,0.0748936,205963540,1733
06/26/2020 14:00,32,6.06,0.074898,205966043,1727
06/26/2020 14:15,31,6.06,0.0748731,205964875,1724
06/26/2020 14:30,30,6.06,0.0748856,205966561,1725
06/26/2020 14:45,31,6.06,0.0736133,205967397,1722
06/26/2020 15:00,33,6.06,0.0761408,205973043,1758
06/26/2020 15:15,34,6.05,0.0752678,205975370,1743
06/26/2020 15:30,32,6.05,0.0752671,205981654,1727
06/26/2020 15:45,31,6.05,0.0754686,205984699,1729
06/26/2020 16:00,30,6.05,0.0752749,205987611,1721
06/26/2020 16:15,27,6.05,0.0750258,205988179,1707
06/26/2020 16:30,28,6.05,0.0765766,205991448,1716
06/26/2020 16:45,28,6.05,0.0750076,206002852,1700
06/26/2020 17:00,28,6.05,0.0749359,206015834,1701
06/26/2020 17:15,27,6.05,0.0748692,206019284,1695
06/26/2020 17:30,27,6.05,0.0748659,206020355,1695
06/26/2020 17:45,27,6.05,0.0748236,206024439,1694
06/26/2020 18:00,28,6.05,0.0749475,206025334,1691
06/26/2020 18:15,27,6.05,0.0747562,206024276,1693
06/26/2020 18:30,27,6.05,0.0749406,206026633,1688
06/26/2020 18:45,28,6.05,0.0750404,206027474,1699
06/26/2020 19:00,27,6.05,0.0749802,206027958,1700
06/26/2020 19:15,27,6.05,0.075038,206030393,1706
06/26/2020 19:30,28,6.05,0.0752894,206033010,1709
06/26/2020 19:45,26,6.04,0.0751983,206032339,1706
06/26/2020 20:00,25,6.04,0.0747105,206033574,1699
06/26/2020 20:15,26,6.04,0.0743585,206033917,1695
06/26/2020 20:30,23,6.04,0.0741068,206034598,1689
06/26/2020 20:45,23,6.04,0.0741383,206035498,1686
06/26/2020 21:00,23,6.04,0.0742259,206036779,1687
06/26/2020 21:15,24,6.04,0.0741653,206037293,1688
06/26/2020 21:30,25,6.04,0.0742066,206039857,1688
06/26/2020 21:45,23,6.04,0.0741275,206039580,1680
06/26/2020 22:00,23,6.04,0.0747052,206043155,1694
06/26/2020 22:15,23,6.04,0.0742895,205842423,1674
06/26/2020 22:30,25,6.04,0.0743401,205019432,1683
06/26/2020 22:45,24,6.04,0.0742084,204127726,1680
06/26/2020 23:00,25,6.04,0.0743517,204129639,1689
06/26/2020 23:15,22,6.04,0.0740983,204128407,1677
06/26/2020 23:30,19,6.04,0.0739775,204130447,1667
06/26/2020 23:45,19,6.04,0.0740562,204132116,1674
06/27/2020 00:00,19,6.04,0.0739832,204136665,1670
06/27/2020 00:15,18,6.03,0.0753702,204012174,1682
06/27/2020 00:30,16,6.03,0.0733566,204012290,1654
06/27/2020 00:45,16,6.03,0.0731005,203982266,1644
06/27/2020 01:00,16,6.03,0.0732225,203969249,1645
06/27/2020 01:15,16,6.03,0.0738949,203977787,1659
06/27/2020 01:30,16,6.03,0.073526,204002190,1646
06/27/2020 01:45,16,6.03,0.073492,204003166,1640
06/27/2020 02:00,16,6.03,0.0734743,204005227,1641
06/27/2020 02:15,16,6.03,0.0734563,204014296,1640
06/27/2020 02:30,16,6.03,0.0734818,204044670,1640
06/27/2020 02:45,16,6.03,0.0735192,204053977,1639
06/27/2020 03:00,16,6.03,0.0734993,204055121,1640
06/27/2020 03:15,16,6.03,0.0734843,204062895,1645
06/27/2020 03:30,16,6.03,0.0734871,204063546,1640
06/27/2020 03:45,16,6.03,0.0734834,204064046,1640
06/27/2020 04:00,16,6.03,0.0734661,204065458,1640
06/27/2020 04:15,16,6.03,0.0734915,204065700,1640
06/27/2020 04:30,16,6.03,0.0734601,204066553,1640
06/27/2020 04:45,16,6.02,0.0722715,204067008,1637
06/27/2020 05:00,16,6.02,0.072061,204067572,1633
06/27/2020 05:15,16,6.02,0.0720359,204068288,1634
06/27/2020 05:30,16,6.02,0.0719859,204070527,1633
06/27/2020 05:45,16,6.02,0.072025,204070015,1634
06/27/2020 06:00,16,6.02,0.0719879,204070977,1634
06/27/2020 06:15,16,6.02,0.0720061,204071540,1633
06/27/2020 06:30,16,6.02,0.0719842,204072386,1633
06/27/2020 06:45,16,6.02,0.0720202,204072816,1633
06/27/2020 07:00,16,6.02,0.0720326,204080750,1633
06/27/2020 07:15,16,6.02,0.0720368,204081607,1635
06/27/2020 07:30,16,6.02,0.0720196,204081944,1633
06/27/2020 07:45,17,6.02,0.0720709,204082620,1638
06/27/2020 08:00,17,6.02,0.0720954,204082787,1637
06/27/2020 08:15,17,6.02,0.0720864,204083042,1639
06/27/2020 08:30,17,6.02,0.0720839,204083269,1637
06/27/2020 08:45,18,6.02,0.072169,204083709,1643
06/27/2020 09:00,19,6.02,0.0722845,204092572,1653
06/27/2020 09:15,18,6.01,0.0722155,204092856,1645
06/27/2020 09:30,19,6.01,0.0724167,204094826,1652
06/27/2020 09:45,19,6.01,0.0724649,204093907,1653
06/27/2020 10:00,19,6.01,0.0724733,204094254,1652
06/27/2020 10:15,22,6.01,0.0726265,204094923,1665
06/27/2020 10:30,24,6.01,0.0741972,204095655,1685
06/27/2020 10:45,24,6.01,0.0741534,204095868,1680
06/27/2020 11:00,23,6.01,0.0740751,204096839,1676
06/27/2020 11:15,26,6.01,0.0744647,204096736,1691
06/27/2020 11:30,28,6.01,0.0743742,204097847,1697
06/27/2020 11:45,28,6.01,0.0743002,204099224,1700
06/27/2020 12:00,31,6.01,0.0743315,204078262,1699
06/27/2020 12:15,30,6.01,0.0743751,204077737,1703
06/27/2020 12:30,31,6.01,0.0744883,204079895,1707
06/27/2020 12:45,29,6.01,0.0743299,204080371,1701
06/27/2020 13:00,29,6.01,0.0744801,204082124,1709
06/27/2020 13:15,29,6.01,0.0743646,204083491,1699
06/27/2020 13:30,30,6.01,0.0746888,204084952,1696
06/27/2020 13:45,29,6.01,0.0744454,204086515,1696
06/27/2020 14:00,29,6.00,0.0744656,204089930,1694
06/27/2020 14:15,29,6.00,0.0732903,204089596,1694
06/27/2020 14:30,29,6.00,0.0733163,204091159,1690
06/27/2020 14:45,33,6.00,0.0736563,204092682,1711
06/27/2020 15:00,33,6.00,0.0737126,204095704,1720
06/27/2020 15:15,33,6.00,0.0736289,204137812,1721
06/27/2020 15:30,32,6.00,0.0744889,204142653,1715
06/27/2020 15:45,33,6.00,0.0746399,204145215,1726
06/27/2020 16:00,35,6.00,0.0746947,204153232,1724
06/27/2020 16:15,37,6.00,0.0747559,204155309,1733
06/27/2020 16:30,38,6.00,0.0747975,204156873,1737
06/27/2020 16:45,37,6.00,0.0747953,204158477,1745
06/27/2020 17:00,35,6.00,0.074796,204159833,1725
06/27/2020 17:15,35,6.00,0.0747391,204156387,1721
06/27/2020 17:30,36,6.00,0.0747567,204159204,1729
06/27/2020 17:45,34,6.00,0.0746937,204159701,1721
06/27/2020 18:00,33,6.00,0.0747459,204162700,1726
06/27/2020 18:15,34,6.00,0.0747747,204161757,1724
06/27/2020 18:30,31,5.99,0.0745698,204168090,1714
06/27/2020 18:45,33,5.99,0.0747875,204170820,1729
06/27/2020 19:00,33,5.99,0.0748321,204175562,1734
06/27/2020 19:15,34,5.99,0.0762984,204175268,1744
06/27/2020 19:30,36,5.99,0.0780189,204176997,1754
06/27/2020 19:45,33,5.99,0.0779034,204179925,1744
06/27/2020 20:00,33,5.99,0.0804363,204184637,1767
06/27/2020 20:15,34,5.99,0.0806498,204189322,1769
06/27/2020 20:30,37,5.99,0.0808254,204193917,1776
06/27/2020 20:45,36,5.99,0.0805675,204194034,1776
06/27/2020 21:00,33,5.99,0.0805721,204196227,1767
06/27/2020 21:15,34,5.99,0.080532,204198289,1762
06/27/2020 21:30,31,5.99,0.0804163,204200483,1748
06/27/2020 21:45,33,5.99,0.0805779,204213166,1752
06/27/2020 22:00,38,5.99,0.0808833,204217799,1764
06/27/2020 22:15,34,5.99,0.0806854,204221146,1751
06/27/2020 22:30,33,5.99,0.080796,204156538,1749
06/27/2020 22:45,30,5.99,0.0806887,204158530,1744
06/27/2020 23:00,30,5.99,0.0809439,204162162,1739
06/27/2020 23:15,30,5.98,0.0804839,204165255,1742
06/27/2020 23:30,26,5.98,0.0804706,204167420,1730
06/27/2020 23:45,26,5.98,0.0806403,204168697,1725
06/28/2020 00:00,24,5.98,0.0802697,204169294,1714
06/28/2020 00:15,23,5.98,0.0802311,204177910,1710
06/28/2020 00:30,22,5.98,0.0801741,204168023,1705
06/28/2020 00:45,21,5.98,0.0801445,204138474,1700
06/28/2020 01:00,20,5.98,0.0801215,204121895,1700
06/28/2020 01:15,21,5.98,0.0801979,204112924,1706
06/28/2020 01:30,21,5.98,0.0801579,204135794,1700
06/28/2020 01:45,21,5.98,0.0799996,204132848,1695
06/28/2020 02:00,21,5.98,0.0800523,204134589,1695
06/28/2020 02:15,21,5.98,0.0800481,204145512,1694
06/28/2020 02:30,22,5.98,0.080111,204183762,1698
06/28/2020 02:45,22,5.98,0.0801073,204185168,1698
06/28/2020 03:00,22,5.98,0.0801302,204185883,1703
06/28/2020 03:15,21,5.98,0.0800775,204186930,1734
06/28/2020 03:30,21,5.98,0.0800518,204187192,1694
06/28/2020 03:45,21,5.98,0.0800699,204189678,1693
06/28/2020 04:00,20,5.97,0.0799543,204190076,1686
06/28/2020 04:15,21,5.97,0.0799867,204191322,1692
06/28/2020 04:30,21,5.97,0.0799989,204192108,1727
06/28/2020 04:45,21,5.97,0.0799911,204193041,1690
06/28/2020 05:00,21,5.97,0.0800482,204195364,1695
06/28/2020 05:15,21,5.97,0.0800069,204194626,1692
06/28/2020 05:30,21,5.97,0.0800453,204196377,1694
06/28/2020 05:45,22,5.97,0.08009,204196106,1698
06/28/2020 06:00,22,5.97,0.0801058,204196619,1698
06/28/2020 06:15,22,5.97,0.0793081,204198570,1694
06/28/2020 06:30,22,5.97,0.0793614,204183224,1700
06/28/2020 06:45,22,5.97,0.0793269,204186597,1697
06/28/2020 07:00,23,5.97,0.0793966,204187470,1696
06/28/2020 07:15,23,5.97,0.0793641,204188632,1695
06/28/2020 07:30,23,5.97,0.0793937,204188697,1698
06/28/2020 07:45,23,5.97,0.0794068,204189132,1696
06/28/2020 08:00,23,5.97,0.0794194,204189484,1698
06/28/2020 08:15,23,5.97,0.0795526,204190386,1707
06/28/2020 08:30,24,5.96,0.0795342,204190936,1713
06/28/2020 08:45,25,5.96,0.0796925,204191108,1714
06/28/2020 09:00,26,5.96,0.0798408,204191320,1728
06/28/2020 09:15,27,5.96,0.0799916,204192414,1729
06/28/2020 09:30,28,5.96,0.0799506,204180213,1731
06/28/2020 09:45,28,5.96,0.0805304,204181061,1736
06/28/2020 10:00,28,5.96,0.0802023,204181706,1732
06/28/2020 10:15,28,5.96,0.0808895,204182896,1734
06/28/2020 10:30,29,5.96,0.0811095,204183691,1745
06/28/2020 10:45,29,5.96,0.0783944,204184221,1731
06/28/2020 11:00,29,5.96,0.0785132,204185762,1737
06/28/2020 11:15,30,5.96,0.079242,204187481,1742
06/28/2020 11:30,29,5.96,0.0791895,204190659,1735
06/28/2020 11:45,28,5.96,0.079074,204189935,1733
06/28/2020 12:00,26,5.96,0.0795407,204191279,1734
06/28/2020 12:15,28,5.96,0.0796894,204192943,1735
06/28/2020 12:30,25,5.96,0.0791877,204195351,1741
06/28/2020 12:45,24,5.96,0.0791135,204194944,1711
06/28/2020 13:00,25,5.96,0.0793781,204195655,1717
06/28/2020 13:15,25,5.95,0.0798135,204198620,1721
06/28/2020 13:30,27,5.95,0.0793969,204199576,1727
06/28/2020 13:45,28,5.95,0.0789633,204200379,1734
06/28/2020 14:00,29,5.95,0.0788918,204200840,1758
06/28/2020 14:15,30,5.95,0.0789901,204201969,1755
06/28/2020 14:30,29,5.95,0.0790174,204201106,1748
06/28/2020 14:45,28,5.95,0.078989,204201874,1748
06/28/2020 15:00,31,5.95,0.0793719,204203097,1754
06/28/2020 15:15,31,5.95,0.0793486,204204558,1763
06/28/2020 15:30,33,5.95,0.0794656,204204902,1767
06/28/2020 15:45,33,5.95,0.0827884,204205399,1794
06/28/2020 16:00,33,5.95,0.0794689,204207190,1763
06/28/2020 16:15,32,5.95,0.0795345,204208651,1760
06/28/2020 16:30,34,5.95,0.0794922,204207768,1773
06/28/2020 16:45,32,5.95,0.0798741,204208319,1765
06/28/2020 17:00,29,5.95,0.0812165,204209127,1770
06/28/2020 17:15,29,5.95,0.082429,204207259,1773
06/28/2020 17:30,28,5.95,0.0817073,204209211,1771
06/28/2020 17:45,27,5.95,0.0816789,204209327,1772
06/28/2020 18:00,26,5.95,0.082021,204211480,1748
06/28/2020 18:15,26,5.94,0.0823188,204211782,1761
06/28/2020 18:30,25,5.94,0.082272,204212971,1741
06/28/2020 18:45,26,5.94,0.0814175,204212993,1750
06/28/2020 19:00,27,5.94,0.0809268,204215060,1745
06/28/2020 19:15,30,5.94,0.0811485,204214657,1755
06/28/2020 19:30,32,5.94,0.081317,204214367,1766
06/28/2020 19:45,32,5.94,0.0809018,204214993,1758
06/28/2020 20:00,32,5.94,0.080846,204216107,1756
06/28/2020 20:15,33,5.94,0.0827293,204217236,1779
06/28/2020 20:30,33,5.94,0.0827791,204216076,1775
06/28/2020 20:45,31,5.94,0.0829388,204217203,1771
06/28/2020 21:00,30,5.94,0.0829305,204219344,1761
06/28/2020 21:15,27,5.94,0.0851657,204220462,1764
06/28/2020 21:30,26,5.94,0.0853282,204220895,1762
06/28/2020 21:45,26,5.94,0.085777,204221788,1761
06/28/2020 22:00,25,5.94,0.0867716,204227248,1759
06/28/2020 22:15,25,5.94,0.0860782,204229960,1744
06/28/2020 22:30,23,5.94,0.085883,204164777,1743
06/28/2020 22:45,22,5.94,0.0843223,204167308,1723
06/28/2020 23:00,23,5.93,0.0847467,204169205,1737
06/28/2020 23:15,24,5.93,0.0852261,204170527,1739
06/28/2020 23:30,23,5.93,0.085205,204171566,1731
06/28/2020 23:45,22,5.93,0.0851637,204173152,1729
06/29/2020 00:00,23,5.93,0.0851734,204173049,1734
06/29/2020 00:15,22,5.93,0.081992,204174342,1707
06/29/2020 00:30,22,5.93,0.0819891,204146532,1701
06/29/2020 00:45,22,5.93,0.0819617,204144650,1702
06/29/2020 01:00,21,5.93,0.0819078,204145948,1697
06/29/2020 01:15,21,5.93,0.0818965,204149016,1697
06/29/2020 01:30,20,5.93,0.0818382,204179240,1690
06/29/2020 01:45,22,5.93,0.0819235,204181512,1700
06/29/2020 02:00,21,5.93,0.0818768,204182432,1693
06/29/2020 02:15,21,5.93,0.0818701,204196123,1693
06/29/2020 02:30,20,5.93,0.0818347,204236760,1691
06/29/2020 02:45,20,5.93,0.0818431,204237614,1689
06/29/2020 03:00,19,5.93,0.0818041,204239275,1686
06/29/2020 03:15,19,5.93,0.0817836,204238867,1684
06/29/2020 03:30,19,5.93,0.0817659,204238792,1683
06/29/2020 03:45,19,5.92,0.0818,204239194,1687
06/29/2020 04:00,19,5.92,0.0817848,204239212,1682
06/29/2020 04:15,19,5.92,0.0817523,204240586,1685
06/29/2020 04:30,19,5.92,0.0817609,204240749,1682
06/29/2020 04:45,19,5.92,0.0817405,204241080,1683
06/29/2020 05:00,19,5.92,0.0817902,204242035,1687
06/29/2020 05:15,18,5.92,0.0817303,204242658,1681
06/29/2020 05:30,19,5.92,0.0817391,204242635,1680
06/29/2020 05:45,19,5.92,0.0817238,204243431,1684
06/29/2020 06:00,19,5.92,0.0816705,204243709,1676
06/29/2020 06:15,20,5.92,0.081726,204244647,1681
06/29/2020 06:30,20,5.92,0.0817522,204244206,1682
06/29/2020 06:45,20,5.92,0.081723,204244632,1680
06/29/2020 07:00,20,5.92,0.0817364,204244829,1680
06/29/2020 07:15,20,5.92,0.0817764,204266169,1680
06/29/2020 07:30,20,5.92,0.0819081,204266081,1688
06/29/2020 07:45,20,5.92,0.0819496,204266845,1689
06/29/2020 08:00,22,5.92,0.0819642,204269404,1692
06/29/2020 08:15,21,5.92,0.0818814,204270147,1688
06/29/2020 08:30,23,5.91,0.0820023,204278335,1695
06/29/2020 08:45,22,5.91,0.0823362,204276774,1697
06/29/2020 09:00,23,5.91,0.0814685,204278118,1694
06/29/2020 09:15,24,5.91,0.0815513,204279949,1705
06/29/2020 09:30,25,5.91,0.081092,204280781,1701
06/29/2020 09:45,25,5.91,0.0810616,204281535,1701
06/29/2020 10:00,30,5.91,0.0820729,204283717,1725
06/29/2020 10:15,31,5.91,0.0822707,204283389,1731
06/29/2020 10:30,31,5.91,0.0821621,204281478,1728
06/29/2020 10:45,31,5.91,0.0826672,204282851,1740
06/29/2020 11:00,34,5.91,0.081086,204293851,1749
06/29/2020 11:15,37,5.91,0.0814489,204300311,1769
06/29/2020 11:30,39,5.91,0.0815278,204302330,1771
06/29/2020 11:45,39,5.91,0.081511,204305682,1771
06/29/2020 12:00,39,5.91,0.0848175,204309679,1795
06/29/2020 12:15,35,5.91,0.0839566,204313001,1774
06/29/2020 12:30,36,5.91,0.0851121,204315452,1776
06/29/2020 12:45,37,5.91,0.0852016,204314106,1780
06/29/2020 13:00,37,5.91,0.0855883,204337259,1780
06/29/2020 13:15,36,5.90,0.0870919,204342748,1783
06/29/2020 13:30,36,5.90,0.0876079,204347334,1791
06/29/2020 13:45,36,5.90,0.0879909,204347877,1824
06/29/2020 14:00,38,5.90,0.0883101,204356851,1801
06/29/2020 14:15,42,5.90,0.0888832,204364757,1824
06/29/2020 14:30,41,5.90,0.0888238,204366583,1822
06/29/2020 14:45,40,5.90,0.0891233,204361806,1820
06/29/2020 15:00,41,5.90,0.0893709,204364750,1825
06/29/2020 15:15,43,5.90,0.0915769,204366004,1843
06/29/2020 15:30,43,5.90,0.0920437,204368161,1845
06/29/2020 15:45,45,5.90,0.100509,204367819,1859
06/29/2020 16:00,43,5.90,0.0920229,204370461,1832
06/29/2020 16:15,45,5.90,0.0923265,204371336,1842
06/29/2020 16:30,44,5.90,0.0923176,204372019,1841
06/29/2020 16:45,42,5.90,0.0904139,204372874,1824
06/29/2020 17:00,43,5.90,0.091412,204373620,1850
06/29/2020 17:15,42,5.90,0.0913302,204371080,1859
06/29/2020 17:30,42,5.90,0.0915036,204376046,1846
06/29/2020 17:45,40,5.90,0.0914574,204378115,1849
06/29/2020 18:00,40,5.89,0.091715,204381240,1855
06/29/2020 18:15,37,5.89,0.0917601,204381469,1837
06/29/2020 18:30,36,5.89,0.0921101,204383076,1837
06/29/2020 18:45,36,5.89,0.0923854,204382894,1844
06/29/2020 19:00,38,5.89,0.0932209,204374680,1862
06/29/2020 19:15,36,5.89,0.0924812,204376637,1833
06/29/2020 19:30,37,5.89,0.0928218,204376951,1848
06/29/2020 19:45,37,5.89,0.0930759,204379006,1859
06/29/2020 20:00,38,5.89,0.0933277,204380889,1856
06/29/2020 20:15,34,5.89,0.0945215,204380338,1832
06/29/2020 20:30,33,5.89,0.0945145,204382070,1830
06/29/2020 20:45,33,5.89,0.0947635,204381467,1840
06/29/2020 21:00,33,5.89,0.0947455,204383824,1835
06/29/2020 21:15,33,5.89,0.0950748,204387549,1835
06/29/2020 21:30,35,5.89,0.0962217,204389204,1849
06/29/2020 21:45,34,5.89,0.0941597,204388253,1828
06/29/2020 22:00,31,5.89,0.0999542,204388789,1840
06/29/2020 22:15,30,5.89,0.0957269,204389999,1821
06/29/2020 22:30,32,5.89,0.094738,204390882,1822
06/29/2020 22:45,28,5.89,0.0953689,204312760,1815
06/29/2020 23:00,26,5.88,0.0954348,204313873,1801
06/29/2020 23:15,25,5.88,0.0951752,204310503,1789
06/29/2020 23:30,28,5.88,0.0942629,204312850,1789
06/29/2020 23:45,25,5.88,0.0944767,204314150,1782
06/30/2020 00:00,24,5.88,0.0927978,204314988,1766
06/30/2020 00:15,24,5.88,0.091565,204314759,1759
06/30/2020 00:30,23,5.88,0.0913217,204314588,1751
06/30/2020 00:45,21,5.88,0.0912951,204283519,1746
06/30/2020 01:00,21,5.88,0.0905362,204278319,1738
06/30/2020 01:15,21,5.88,0.0904861,204272599,1738
06/30/2020 01:30,21,5.88,0.0904838,204292883,1736
06/30/2020 01:45,19,5.88,0.0895192,204293226,1727
06/30/2020 02:00,18,5.88,0.0891115,204293394,1716
06/30/2020 02:15,19,5.88,0.0891257,204302644,1719
06/30/2020 02:30,19,5.88,0.0891331,204340883,1713
06/30/2020 02:45,19,5.88,0.088545,204341353,1710
06/30/2020 03:00,18,5.88,0.0884886,204341733,1706
06/30/2020 03:15,17,5.88,0.0884817,204341890,1703
06/30/2020 03:30,17,5.88,0.0884737,204342726,1705
06/30/2020 03:45,16,5.87,0.0884444,204343008,1700
06/30/2020 04:00,16,5.87,0.0884161,204343027,1700
06/30/2020 04:15,16,5.87,0.0884427,204343019,1699
06/30/2020 04:30,15,5.87,0.0883935,204343392,1694
06/30/2020 04:45,15,5.87,0.088396,204345502,1696
06/30/2020 05:00,15,5.87,0.0883733,204347912,1695
06/30/2020 05:15,15,5.87,0.0901138,204349377,1709
06/30/2020 05:30,15,5.87,0.0901443,204351629,1707
06/30/2020 05:45,16,5.87,0.0902051,204353770,1714
06/30/2020 06:00,16,5.87,0.0903762,204357407,1714
06/30/2020 06:15,16,5.87,0.0907893,204357208,1711
06/30/2020 06:30,16,5.87,0.0908389,204359201,1711
06/30/2020 06:45,16,5.87,0.0908505,204361406,1709
06/30/2020 07:00,16,5.87,0.0908782,204365575,1710
06/30/2020 07:15,16,5.87,0.0908137,204367088,1708
06/30/2020 07:30,16,5.87,0.0908053,204745678,1713
06/30/2020 07:45,16,5.87,0.0908608,204747760,1710
06/30/2020 08:00,16,5.87,0.0908483,204750121,1708
06/30/2020 08:15,17,5.87,0.0908868,204751978,1713
06/30/2020 08:30,16,5.86,0.0908232,204755073,1710
06/30/2020 08:45,16,5.86,0.0908426,204755115,1710
06/30/2020 09:00,16,5.86,0.0908338,204756729,1709
06/30/2020 09:15,17,5.86,0.0912955,204758877,1718
06/30/2020 09:30,18,5.86,0.0910213,204761915,1722
06/30/2020 09:45,18,5.86,0.0909662,204761986,1717
06/30/2020 10:00,20,5.86,0.0928438,204763383,1741
06/30/2020 10:15,21,5.86,0.0928282,204767329,1737
06/30/2020 10:30,26,5.86,0.094621,204781416,1782
06/30/2020 10:45,28,5.86,0.0947372,204782020,1781
06/30/2020 11:00,30,5.86,0.0948701,204787842,1793
06/30/2020 11:15,32,5.86,0.0952814,204794216,1800
06/30/2020 11:30,32,5.86,0.0953447,204799987,1793
06/30/2020 11:45,33,5.86,0.0953203,204804975,1798
06/30/2020 12:00,34,5.86,0.095532,204813039,1803
06/30/2020 12:15,34,5.86,0.0941807,204810058,1802
06/30/2020 12:30,35,5.86,0.0939079,204818736,1808
06/30/2020 12:45,32,5.86,0.09372,204820968,1791
06/30/2020 13:00,34,5.86,0.0925634,204829672,1800
06/30/2020 13:15,37,5.86,0.0963635,204827935,1815
06/30/2020 13:30,39,5.85,0.0945228,204834086,1831
06/30/2020 13:45,29,5.85,0.0939494,204871734,1808
06/30/2020 14:00,23,5.85,0.0938119,204897250,1798
06/30/2020 14:15,8,0.27,0.014037,167559181,926
06/30/2020 14:30,10,0.11,0.0149999,167584006,935
06/30/2020 14:45,11,0.10,0.0150852,167612077,941
06/30/2020 15:00,12,0.07,0.0165586,167616388,961
06/30/2020 15:15,11,0.07,0.0162934,167617034,950
06/30/2020 15:30,12,0.06,0.0164259,167618587,955
06/30/2020 15:45,13,0.06,0.0164534,168250058,956
06/30/2020 16:00,15,0.06,0.0165028,168252873,970
06/30/2020 16:15,16,0.06,0.0166116,168252481,968
06/30/2020 16:30,15,0.06,0.0184457,168254831,979
06/30/2020 16:45,14,0.06,0.018433,168258113,974
06/30/2020 17:00,17,0.06,0.0176302,168258621,982
06/30/2020 17:15,19,0.07,0.0163295,168257938,995
06/30/2020 17:30,21,0.09,0.0179214,168260233,1040
06/30/2020 17:45,22,0.12,0.0188185,168262183,1032
06/30/2020 18:00,24,0.14,0.0211727,168264875,1057
06/30/2020 18:15,25,0.14,0.021451,168266341,1057
06/30/2020 18:30,22,0.14,0.023727,168269081,1060
06/30/2020 18:45,23,0.13,0.022339,168269772,1069
06/30/2020 19:00,22,0.13,0.0240427,168271047,1072
06/30/2020 19:15,20,0.13,0.0234009,168271398,1050
06/30/2020 19:30,20,0.15,0.023456,168272445,1048
06/30/2020 19:45,19,0.15,0.0237609,168273989,1040
06/30/2020 20:00,16,0.15,0.0243518,168275135,1031
06/30/2020 20:15,15,0.14,0.0243822,168275188,1032
06/30/2020 20:30,18,0.14,0.0247029,168276113,1044
06/30/2020 20:45,20,0.14,0.0248089,168474726,1046
06/30/2020 21:00,20,0.13,0.0250724,168475998,1055
06/30/2020 21:15,21,0.13,0.0248725,168477074,1049
06/30/2020 21:30,17,0.13,0.0247429,168478709,1031
06/30/2020 21:45,17,0.13,0.0248063,168483745,1030
06/30/2020 22:00,19,0.13,0.0249667,168484185,1043
06/30/2020 22:15,17,0.13,0.0249274,168401734,1027
06/30/2020 22:30,16,0.14,0.0249918,168402470,1029
06/30/2020 22:45,15,0.14,0.025033,168401185,1021
06/30/2020 23:00,14,0.14,0.0250751,168402188,1023
06/30/2020 23:15,13,0.14,0.0250181,168402914,1021
06/30/2020 23:30,14,0.16,0.0251903,168405093,1024
06/30/2020 23:45,12,0.16,0.0231279,168407430,1009
07/01/2020 00:00,9,0.16,0.0229684,168410477,997
07/01/2020 00:15,9,0.16,0.022915,168451328,993
07/01/2020 00:30,8,0.15,0.0228344,168439339,989
07/01/2020 00:45,7,0.15,0.0228351,168406771,979
07/01/2020 01:00,7,0.15,0.0219408,168395995,976
07/01/2020 01:15,8,0.15,0.021699,168392744,978
07/01/2020 01:30,5,0.14,0.0215896,168417513,968
07/01/2020 01:45,4,0.14,0.0215391,168418587,965
07/01/2020 02:00,4,0.14,0.0215517,168419404,964
07/01/2020 02:15,5,0.14,0.0216096,169092062,968
07/01/2020 02:30,5,0.13,0.0216158,169129968,968
07/01/2020 02:45,6,0.13,0.0216579,169131041,973
07/01/2020 03:00,6,0.13,0.021626,169131681,971
07/01/2020 03:15,6,0.13,0.0216094,169131376,977
07/01/2020 03:30,6,0.13,0.0226692,169131870,967
07/01/2020 03:45,6,0.12,0.0226753,169132437,970
07/01/2020 04:00,5,0.12,0.022624,169132867,965
07/01/2020 04:15,5,0.12,0.022661,169132561,965
07/01/2020 04:30,4,0.12,0.0225932,169132777,962
07/01/2020 04:45,4,0.12,0.0226017,169132959,963
07/01/2020 05:00,4,0.12,0.0226142,169133076,962
07/01/2020 05:15,4,0.12,0.0226184,169132781,963
07/01/2020 05:30,4,0.11,0.0226073,169132962,961
07/01/2020 05:45,5,0.11,0.0227112,169133449,968
07/01/2020 06:00,5,0.11,0.0208546,169133638,961
07/01/2020 06:15,5,0.11,0.0261029,169133324,976
07/01/2020 06:30,5,0.11,0.0260554,169134860,971
07/01/2020 06:45,5,0.11,0.0233754,169135285,976
07/01/2020 07:00,6,0.11,0.0234087,169135179,976
07/01/2020 07:15,7,0.11,0.0236043,169134684,978
07/01/2020 07:30,7,0.11,0.0235312,169134998,968
07/01/2020 07:45,8,0.10,0.0235852,169136192,971
07/01/2020 08:00,7,0.10,0.0235595,169138067,1014
07/01/2020 08:15,7,0.10,0.0235218,169137444,972
07/01/2020 08:30,8,0.10,0.0236474,169138192,999
07/01/2020 08:45,7,0.10,0.02395,169139830,978
07/01/2020 09:00,6,0.10,0.0237198,169141511,969
07/01/2020 09:15,7,0.10,0.0238261,169142341,971
07/01/2020 09:30,7,0.10,0.0237723,169144351,973
07/01/2020 09:45,8,0.10,0.0243942,169158508,987
07/01/2020 10:00,9,0.10,0.0244247,169160354,989
07/01/2020 10:15,9,0.10,0.0244624,169157959,990
07/01/2020 10:30,8,0.10,0.0239126,169158784,992
07/01/2020 10:45,9,0.10,0.0238491,169159605,1003
07/01/2020 11:00,9,0.10,0.0238264,169220841,995
07/01/2020 11:15,8,0.10,0.0232555,169222705,984
07/01/2020 11:30,8,0.09,0.0231266,169224085,981
07/01/2020 11:45,8,0.09,0.0231345,169224272,983
07/01/2020 12:00,10,0.09,0.0232306,169225498,985
07/01/2020 12:15,10,0.09,0.023364,169228319,997
07/01/2020 12:30,9,0.09,0.0232371,169230659,982
07/01/2020 12:45,11,0.09,0.023324,169232201,988
07/01/2020 13:00,12,0.09,0.0234096,169233878,992
07/01/2020 13:15,13,0.09,0.0235454,169235583,1006
07/01/2020 13:30,14,0.09,0.024177,169237188,1006
07/01/2020 13:45,15,0.09,0.0227828,169238625,996
07/01/2020 14:00,15,0.09,0.0215783,169239473,992
07/01/2020 14:15,14,0.09,0.0240708,169241537,1011
07/01/2020 14:30,12,0.09,0.0253069,169247876,1003
07/01/2020 14:45,12,0.09,0.0261196,169250020,1015
07/01/2020 15:00,12,0.09,0.0239157,169252461,998
07/01/2020 15:15,11,0.09,0.0238477,169255994,997
07/01/2020 15:30,11,0.09,0.0238021,169258764,995
07/01/2020 15:45,11,0.09,0.0240249,169262682,990
07/01/2020 16:00,14,0.09,0.0240867,169264613,1004
07/01/2020 16:15,15,0.09,0.0241877,169266139,1008
07/01/2020 16:30,16,0.09,0.0243491,169267984,1019
07/01/2020 16:45,13,0.09,0.0241582,169269197,1005
07/01/2020 17:00,14,0.09,0.0241502,169270593,1007
07/01/2020 17:15,14,0.09,0.0242281,169272435,1005
07/01/2020 17:30,13,0.08,0.0250484,169274148,1006
07/01/2020 17:45,10,0.08,0.0249332,169274981,994
07/01/2020 18:00,11,0.08,0.0263551,169268335,1007
07/01/2020 18:15,11,0.08,0.0275221,169268234,1018
07/01/2020 18:30,12,0.08,0.0274116,169270594,1020
07/01/2020 18:45,13,0.08,0.0272179,169272332,1027
07/01/2020 19:00,13,0.08,0.0283256,169276706,1033
07/01/2020 19:15,13,0.08,0.0283876,169278338,1041
07/01/2020 19:30,14,0.08,0.0284967,169282079,1080
07/01/2020 19:45,14,0.08,0.0286811,169283156,1030
07/01/2020 20:00,14,0.09,0.0258732,169284050,1012
07/01/2020 20:15,12,0.09,0.0285569,169285878,1052
07/01/2020 20:30,13,0.09,0.0287347,169290888,1053
07/01/2020 20:45,13,0.09,0.0292943,169292054,1137
07/01/2020 21:00,14,0.09,0.0296806,169293587,1116
07/01/2020 21:15,14,0.09,0.0299176,169283553,1061
07/01/2020 21:30,15,0.09,0.029168,169284979,1061
07/01/2020 21:45,12,0.09,0.0291445,169285470,1083
07/01/2020 22:00,14,0.09,0.0300444,169286015,1095
07/01/2020 22:15,17,0.09,0.0318664,169284562,1092
07/01/2020 22:30,17,0.09,0.0315886,169197025,1090
07/01/2020 22:45,17,0.09,0.0309751,169193137,1084
07/01/2020 23:00,17,0.09,0.0306567,169154792,1075
07/01/2020 23:15,16,0.09,0.0301409,169160616,1059
07/01/2020 23:30,14,0.09,0.0291027,169163520,1022
07/01/2020 23:45,14,0.09,0.0292691,169164639,1023
07/02/2020 00:00,13,0.09,0.02912,169165344,1022
07/02/2020 00:15,11,0.09,0.0290429,169164656,1020
07/02/2020 00:30,11,0.09,0.0290303,169142763,1013
07/02/2020 00:45,9,0.09,0.0289419,169138853,1011
07/02/2020 01:00,8,0.09,0.0289183,169135210,1003
07/02/2020 01:15,8,0.09,0.0288963,169135552,1002
07/02/2020 01:30,7,0.09,0.0288965,169159980,1003
07/02/2020 01:45,6,0.08,0.0287612,169161828,991
07/02/2020 02:00,6,0.08,0.028774,169162625,992
07/02/2020 02:15,5,0.08,0.0272493,169172413,983
07/02/2020 02:30,4,0.08,0.0269057,169209962,979
07/02/2020 02:45,4,0.08,0.0268842,169211444,979
07/02/2020 03:00,4,0.08,0.0268972,169212819,978
07/02/2020 03:15,4,0.08,0.0269024,169214886,980
07/02/2020 03:30,4,0.08,0.0268602,169215656,978
07/02/2020 03:45,4,0.08,0.0268677,169216786,983
07/02/2020 04:00,4,0.08,0.0268831,169217319,983
07/02/2020 04:15,3,0.08,0.0268552,169217921,981
07/02/2020 04:30,3,0.08,0.0268426,169217694,981
07/02/2020 04:45,3,0.08,0.0268347,169218137,980
07/02/2020 05:00,3,0.08,0.0268495,169218977,984
07/02/2020 05:15,4,0.08,0.0269238,169219398,990
07/02/2020 05:30,5,0.08,0.0269528,169219600,994
07/02/2020 05:45,6,0.08,0.0269735,169219830,993
07/02/2020 06:00,6,0.08,0.0269428,169220148,994
07/02/2020 06:15,5,0.08,0.0269201,169221555,990
07/02/2020 06:30,5,0.08,0.0269111,169221199,989
07/02/2020 06:45,6,0.08,0.0269202,169221583,990
07/02/2020 07:00,5,0.08,0.0268806,169221962,989
07/02/2020 07:15,6,0.08,0.0269805,169222613,996
07/02/2020 07:30,8,0.08,0.0271371,169222544,1006
07/02/2020 07:45,8,0.08,0.027047,169222803,990
07/02/2020 08:00,7,0.08,0.0274254,169223825,994
07/02/2020 08:15,8,0.08,0.0271119,169224310,997
07/02/2020 08:30,8,0.08,0.0271137,169224866,1000
07/02/2020 08:45,9,0.08,0.0278766,169225472,1019
07/02/2020 09:00,6,0.08,0.0277182,169226604,1000
07/02/2020 09:15,7,0.08,0.0283215,169227446,1015
07/02/2020 09:30,8,0.08,0.0307465,169225420,1036
07/02/2020 09:45,8,0.08,0.0296302,169227038,1025
07/02/2020 10:00,10,0.08,0.0302434,169227838,1037
07/02/2020 10:15,11,0.08,0.0302215,169231309,1038
07/02/2020 10:30,19,0.07,0.0299024,169231920,1063
07/02/2020 10:45,20,0.07,0.0280716,169232974,1058
07/02/2020 11:00,19,0.07,0.0276442,169234550,1047
07/02/2020 11:15,20,0.07,0.0278298,169238365,1044
07/02/2020 11:30,22,0.07,0.0297233,169243685,1071
07/02/2020 11:45,23,0.07,0.0297108,169307747,1069
07/02/2020 12:00,22,0.07,0.0298522,169428057,1071
07/02/2020 12:15,22,0.07,0.0298224,169470012,1058
07/02/2020 12:30,22,0.07,0.0318789,169468472,1077
07/02/2020 12:45,23,0.07,0.0320035,169419225,1080
07/02/2020 13:00,23,0.07,0.0320725,169421281,1086
07/02/2020 13:15,24,0.07,0.033714,169422900,1116
07/02/2020 13:30,22,0.07,0.0335736,169422526,1089
07/02/2020 13:45,20,0.07,0.0335577,169429885,1084
07/02/2020 14:00,20,0.07,0.032515,169446488,1085
07/02/2020 14:15,22,0.07,0.0324049,169451848,1081
07/02/2020 14:30,22,0.07,0.0324302,169466279,1082
07/02/2020 14:45,22,0.07,0.0352374,169495766,1107
07/02/2020 15:00,25,0.07,0.033629,169527449,1112
07/02/2020 15:15,26,0.07,0.0330794,170713676,1102
07/02/2020 15:30,26,0.07,0.0327659,170760912,1104
07/02/2020 15:45,27,0.07,0.0341516,170710674,1152
07/02/2020 16:00,25,0.07,0.0325708,170714068,1109
07/02/2020 16:15,23,0.08,0.0325196,170717114,1088
07/02/2020 16:30,23,0.08,0.0316716,170717443,1115
07/02/2020 16:45,22,0.08,0.0316741,170718424,1087
07/02/2020 17:00,24,0.08,0.0319412,170719433,1101
07/02/2020 17:15,24,0.08,0.0301127,170721743,1083
07/02/2020 17:30,25,0.08,0.0301958,170721139,1093
07/02/2020 17:45,24,0.08,0.0308555,170722324,1102
07/02/2020 18:00,25,0.08,0.0320145,170724941,1128
07/02/2020 18:15,22,0.08,0.0317177,170725966,1123
07/02/2020 18:30,23,0.08,0.0312965,170724122,1105
07/02/2020 18:45,21,0.08,0.0311145,170726137,1085
07/02/2020 19:00,20,0.08,0.0308569,170780391,1077
07/02/2020 19:15,21,0.08,0.0309068,170854904,1081
07/02/2020 19:30,22,0.08,0.0865917,170929907,1129
07/02/2020 19:45,23,0.08,0.0307567,171041241,1089
07/02/2020 20:00,23,0.08,0.0307481,171091504,1088
07/02/2020 20:15,22,0.08,0.030744,171092733,1080
07/02/2020 20:30,22,0.08,0.0307423,171096356,1078
07/02/2020 20:45,21,0.08,0.0307187,171097296,1077
07/02/2020 21:00,22,0.08,0.0321795,171098093,1086
07/02/2020 21:15,21,0.08,0.0328316,171099193,1088
07/02/2020 21:30,21,0.08,0.0328828,171099623,1091
07/02/2020 21:45,22,0.08,0.0331865,171100815,1101
07/02/2020 22:00,20,0.08,0.0330365,171102701,1092
07/02/2020 22:15,17,0.08,0.0329051,171104766,1085
07/02/2020 22:30,16,0.08,0.0328393,171028486,1074
07/02/2020 22:45,15,0.08,0.0339696,171030759,1120
07/02/2020 23:00,14,0.08,0.0326381,171002011,1089
07/02/2020 23:15,12,0.08,0.0314681,171005307,1044
07/02/2020 23:30,13,0.08,0.0314703,171007734,1035
07/02/2020 23:45,13,0.08,0.0315462,171010809,1036
07/03/2020 00:00,14,0.08,0.0316125,171013953,1042
07/03/2020 00:15,14,0.08,0.0315591,171012247,1045
07/03/2020 00:30,12,0.08,0.0314994,171016501,1028
07/03/2020 00:45,10,0.08,0.0314306,170945791,1024
07/03/2020 01:00,9,0.08,0.0313262,170916363,1024
07/03/2020 01:15,10,0.08,0.0314547,170894506,1024
07/03/2020 01:30,10,0.08,0.031361,170915028,1022
07/03/2020 01:45,10,0.08,0.0300554,170913762,1018
07/03/2020 02:00,9,0.08,0.0300576,170914775,1016
07/03/2020 02:15,9,0.08,0.0300622,170920920,1011
07/03/2020 02:30,8,0.08,0.0300012,170959955,1008
07/03/2020 02:45,8,0.08,0.0299388,170961074,1008
07/03/2020 03:00,8,0.08,0.0299568,170962470,1012
07/03/2020 03:15,7,0.08,0.02991,170963324,1007
07/03/2020 03:30,7,0.07,0.0301748,170962867,1007
07/03/2020 03:45,7,0.07,0.0301423,170964206,1005
07/03/2020 04:00,6,0.07,0.0301186,170968474,1008
